<?xml version="1.0"?>
<data grt_format="2.0">
  <value _ptr_="000000001E2E6630" type="list" content-type="object" content-struct-name="db.mgmt.Connection">
    <value type="object" struct-name="db.mgmt.Connection" id="{F1A671CA-7DFB-4CFD-8698-EE24F780C8AC}" struct-checksum="0x96ba47d8">
      <link type="object" struct-name="db.mgmt.Driver" key="driver">com.mysql.rdbms.mysql.driver.native</link>
      <value type="string" key="hostIdentifier">Mysql@localhost:3306</value>
      <value type="int" key="isDefault">1</value>
      <value _ptr_="0000000024FF4F70" type="dict" key="modules"/>
      <value _ptr_="0000000024FF6BE0" type="dict" key="parameterValues">
        <value type="string" key="DbSqlEditor:LastDefaultSchema">mysqldbschema</value>
        <value type="string" key="SQL_MODE"></value>
        <value type="string" key="hostName">localhost</value>
        <value type="int" key="lastConnected">1476456487</value>
        <value type="string" key="password"></value>
        <value type="int" key="port">3306</value>
        <value type="string" key="schema">MySQLDbSchema</value>
        <value type="string" key="serverVersion">5.7.15-log</value>
        <value type="string" key="sslCA"></value>
        <value type="string" key="sslCert"></value>
        <value type="string" key="sslCipher"></value>
        <value type="string" key="sslKey"></value>
        <value type="int" key="useSSL">1</value>
        <value type="string" key="userName">root</value>
      </value>
      <value type="string" key="name">Local instance MySQLWindowsService</value>
      <link type="object" struct-name="GrtObject" key="owner">{D716C679-C700-48D4-AFEB-C7D7FE7449F6}</link>
    </value>
  </value>
</data>
